{
    "trainPerc": 0.7,
    "valPerc": 0.25,
    "hoursPerPatient": 6,
    "hoursToLookInFuture": 0,
    "patientPerBatch": 40,
    "mean": [
        84.73959442306337,
        97.1876623584807,
        36.90467360642487,
        121.89070356062477,
        80.14779233285915,
        62.059474560239885,
        18.750066977989896,
        33.46658747666723,
        -0.013335064838691721,
        24.407701256754482,
        0.5159210376709799,
        7.391334039508156,
        40.80752689563545,
        91.88912001636837,
        165.93267649679206,
        23.264415534723554,
        103.71515985388976,
        8.251426150701283,
        105.5366778797133,
        1.3624773351782828,
        2.3419685275211393,
        132.2059873600045,
        1.9287298314785042,
        2.0268176928581774,
        3.552357547044818,
        4.115986106929471,
        1.7539438132554732,
        6.603809569456616,
        31.67017833840801,
        10.707256645277559,
        36.459169205254675,
        11.62479635270335,
        321.9541252721953,
        211.38141741193448,
        62.67352247825472,
        0.5721113009362689,
        0.42788869906373106,
        -54.402954929851354,
        26.982136847200007,
        1.3732040955222988,
        0.7198197613177731,
        1.0926904126614587
    ],
    "std": [
        17.15966894382043,
        3.179860607620792,
        0.7376046622292394,
        22.322728170285654,
        15.647581617560911,
        13.823484142421647,
        5.323202219806352,
        12.042352512810321,
        4.111258018420195,
        4.217723269524884,
        0.20784593946967655,
        0.06678546313717096,
        8.721900747269391,
        11.42649381234821,
        638.7708396117592,
        19.181839331520102,
        118.52914175153995,
        1.2128196197627987,
        5.5754588634706375,
        1.5417665332895587,
        4.242477721829001,
        48.68478083520939,
        1.574642935084538,
        0.3708763943622322,
        1.2831129568750503,
        0.5813469288976415,
        3.8292487526539922,
        18.595221997801247,
        5.187142853849963,
        1.8215675211047218,
        20.31027105384969,
        6.98060325871863,
        175.35508238931413,
        107.0142859420754,
        16.242120694861654,
        0.4947726349317218,
        0.4947726349317218,
        176.01098952405638,
        28.11683759486144,
        1.6375529514493252,
        0.20558571224694616,
        0.29612881530894386
    ]
}