{
    "mean": [
        84.70524166582123,
        97.16237315753624,
        36.63953347026073,
        120.77643507715624,
        80.32092975707121,
        45.62022364233791,
        18.721286261778417,
        1.210618016029616,
        -0.011425552972063081,
        19.821656545495575,
        0.3010752803940529,
        4.685208910909539,
        24.893918860162202,
        37.16241285889094,
        59.26659330284214,
        22.797295442263774,
        36.45702781268828,
        7.216466931411384,
        87.0108932856572,
        1.3414856174466485,
        0.10735911971692469,
        130.0326072454196,
        0.7952356303871165,
        1.9073602998875725,
        2.9260934695153646,
        4.0392567720055235,
        0.6216146701423039,
        0.5628563131883035,
        31.07475998020627,
        10.464487029510478,
        26.278137721773742,
        11.292958232311419,
        46.834701675635266,
        205.86635214428725,
        62.61192747747844,
        0.5712295100635428,
        0.4287704899364571,
        0.2754197370082881,
        0.272474486574006,
        -54.6725564256151,
        26.93905660885211,
        0.7113947386591317,
        1.0891688703123057,
        1.3714183373673083
    ],
    "std": [
        17.211350906640305,
        3.48732772399624,
        3.1819553315623668,
        25.507333073827525,
        15.840598112149767,
        30.01329267460727,
        5.343615338815558,
        6.656861596472687,
        3.079227594337843,
        10.263620493371866,
        0.2998231019094174,
        3.5611698281578588,
        21.03229560326341,
        45.71324936727479,
        388.99274047782956,
        19.2798890564754,
        85.59013129763522,
        2.9658332692704183,
        40.46952924715382,
        1.5611405777706668,
        1.0245390114643234,
        50.971035840755256,
        1.4010453913793515,
        0.5973171617449692,
        1.786889119938013,
        0.7970561831313263,
        2.4397288042096283,
        5.844787079917329,
        6.777191847422223,
        2.4097072539078486,
        23.92873874989618,
        7.189489484533378,
        131.48758381529353,
        111.09099205971484,
        16.246629053472574,
        0.4949003504707868,
        0.49490035047078684,
        0.44672553707458174,
        0.44523268157249846,
        175.16636406958995,
        28.10837644716908,
        0.21771788730288216,
        0.2974494948987668,
        1.6390713751253643
    ]
}