{
    "trainPerc": 0.7,
    "valPerc": 0.25,
    "hoursPerPatient": 6,
    "hoursToLookInFuture": 0,
    "patientPerBatch": 40,
    "mean": [
        84.61134236092829,
        97.17659976989518,
        36.88800707137846,
        122.49237360783424,
        81.01202896767876,
        62.80928216818827,
        18.725276859082868,
        33.919370036344056,
        -0.041022393269160115,
        24.400973428195467,
        0.5294890765065282,
        7.391146831889722,
        40.73979264111242,
        92.40613354746125,
        156.373670412446,
        23.109635459195648,
        100.5621825249722,
        8.187636326652614,
        105.54557929938865,
        1.3909455984582815,
        1.923345443167794,
        131.96703174126534,
        1.9427331065875373,
        2.029163157625222,
        3.548459908688747,
        4.1086824834805125,
        1.6713472393796964,
        6.093909571894056,
        31.717351432497566,
        10.68005976794973,
        36.53791501012113,
        11.473960181180555,
        319.310601867204,
        209.93677456122512,
        62.41992354347338,
        0.5648756790275207,
        0.43512432097247933,
        -55.47474684310657,
        26.86387160807293,
        1.3665079135027638,
        0.7158201256895869,
        1.0804200360773621
    ],
    "std": [
        17.284490047283807,
        3.1708681696762695,
        0.7316722481202858,
        22.69145462233491,
        15.953609756651915,
        13.962867968202856,
        5.27226374745288,
        13.096000722003806,
        4.121638792613363,
        4.2156405482474995,
        10.300597367262176,
        0.06757124290208266,
        8.842619988557523,
        10.949816085845253,
        612.374730105636,
        19.149678323104357,
        112.10538419087037,
        1.455703302289253,
        5.573557900932813,
        1.6321757345798902,
        3.821382231677435,
        48.276627860930034,
        1.5960453092054023,
        0.3751603592506935,
        1.2877357238908005,
        0.5854625985884346,
        3.654858253142268,
        19.84414241084807,
        5.380463527222208,
        1.8867350562726546,
        20.63532738291241,
        6.964990288918921,
        171.823857754495,
        106.1384650607597,
        16.287505540564624,
        0.4957732811182124,
        0.4957732811182124,
        171.8141262113149,
        27.98511470780571,
        1.6361579485555229,
        0.2068737472973174,
        0.296388612718435
    ]
}